Time,ID,Pos x,Pos y,Pos z,Rot 1,Rot 2,Rot 3,Rot 4
1687332587.7448103,10,2.183689594268799,0.6542831063270569,-0.46964022517204285,0.5603903532028198,0.6500552892684937,-0.5050457119941711,-0.09121161699295044
1687332587.845337,10,2.183689594268799,0.6542831063270569,-0.46964022517204285,0.5603903532028198,0.6500552892684937,-0.5050457119941711,-0.09121161699295044
1687332587.945638,10,2.183689594268799,0.6542831063270569,-0.46964022517204285,0.5603903532028198,0.6500552892684937,-0.5050457119941711,-0.09121161699295044
