Time,motor.m1,motor.m2,motor.m3,motor.m4,RB ID,Pos x,Pos y,Pos z,Quat 1,Quat 2,Quat 3,Quat 4
1687334863.993111
1687334864.093758
1687334864.1942942
1687334864.295174
1687334864.3966434
1687334864.4976552
1687334864.5982788
1687334864.6988058
1687334864.8016949
1687334864.9048386,39230.0,13292.0,0.0,7372.0
1687334865.005571,38199.0,13121.0,0.0,10001.0
1687334865.1066604,40078.0,12322.0,0.0,8686.0,10,4.9415059089660645,0.14454388618469238,0.6113962531089783,0.08120916038751602,0.35589367151260376,-0.2302229404449463,-0.9020766019821167
1687334865.2073877,39754.0,13014.0,0.0,7842.0,10,4.9415059089660645,0.14454388618469238,0.6113962531089783,0.08120916038751602,0.35589367151260376,-0.2302229404449463,-0.9020766019821167
1687334865.3087986,40707.0,12061.0,0.0,8043.0,10,4.9415059089660645,0.14454388618469238,0.6113962531089783,0.08120916038751602,0.35589367151260376,-0.2302229404449463,-0.9020766019821167
1687334865.4102957,41231.0,11537.0,0.0,8589.0,10,4.9415059089660645,0.14454388618469238,0.6113962531089783,0.08120916038751602,0.35589367151260376,-0.2302229404449463,-0.9020766019821167
1687334865.5109909,41231.0,11537.0,0.0,8589.0,10,4.9415059089660645,0.14454388618469238,0.6113962531089783,0.08120916038751602,0.35589367151260376,-0.2302229404449463,-0.9020766019821167
1687334865.6116111,41231.0,11537.0,0.0,8589.0,10,4.9415059089660645,0.14454388618469238,0.6113962531089783,0.08120916038751602,0.35589367151260376,-0.2302229404449463,-0.9020766019821167
1687334865.7122662,41231.0,11537.0,0.0,8589.0,10,4.9415059089660645,0.14454388618469238,0.6113962531089783,0.08120916038751602,0.35589367151260376,-0.2302229404449463,-0.9020766019821167
1687334865.812993,41231.0,11537.0,0.0,8589.0,10,4.9415059089660645,0.14454388618469238,0.6113962531089783,0.08120916038751602,0.35589367151260376,-0.2302229404449463,-0.9020766019821167
1687334865.9136748,41231.0,11537.0,0.0,8589.0,10,4.9415059089660645,0.14454388618469238,0.6113962531089783,0.08120916038751602,0.35589367151260376,-0.2302229404449463,-0.9020766019821167
