Time,ID,Pos x,Pos y,Pos z,Rot 1,Rot 2,Rot 3,Rot 4
1687333647.1320982,10,3.6682000160217285,0.6096012592315674,-0.03846240043640137,-0.3875913918018341,0.5321606993675232,0.6079844832420349,0.4437711834907532
1687333647.2339373,10,3.6682000160217285,0.6096012592315674,-0.03846240043640137,-0.3875913918018341,0.5321606993675232,0.6079844832420349,0.4437711834907532
