Time,ID,Pos x,Pos y,Pos z,Rot 1,Rot 2,Rot 3,Rot 4
1687333082.725987,10,2.726202964782715,0.9855466485023499,-0.5955504179000854,-0.5527668595314026,0.2395913004875183,-0.4992438554763794,-0.6227362751960754
1687333082.826652,10,2.726202964782715,0.9855466485023499,-0.5955504179000854,-0.5527668595314026,0.2395913004875183,-0.4992438554763794,-0.6227362751960754
1687333082.9277503,10,2.726202964782715,0.9855466485023499,-0.5955504179000854,-0.5527668595314026,0.2395913004875183,-0.4992438554763794,-0.6227362751960754
1687333083.028135,10,2.726202964782715,0.9855466485023499,-0.5955504179000854,-0.5527668595314026,0.2395913004875183,-0.4992438554763794,-0.6227362751960754
