Time,ID,Pos x,Pos y,Pos z,Rot 1,Rot 2,Rot 3,Rot 4
1687332858.8296523,10,2.18487286567688,0.6542920470237732,-0.47064974904060364,0.551068127155304,0.6472060680389404,-0.5163527131080627,-0.10405796021223068
1687332858.9304712,10,2.18487286567688,0.6542920470237732,-0.47064974904060364,0.551068127155304,0.6472060680389404,-0.5163527131080627,-0.10405796021223068
1687332859.0312936,10,2.18487286567688,0.6542920470237732,-0.47064974904060364,0.551068127155304,0.6472060680389404,-0.5163527131080627,-0.10405796021223068
1687332859.131758,10,2.18487286567688,0.6542920470237732,-0.47064974904060364,0.551068127155304,0.6472060680389404,-0.5163527131080627,-0.10405796021223068
